organismo_id,nombre,sector_id
1,I MUNICIPALIDAD DE RENGO,1
2,I MUNICIPALIDAD DE ANTOFAGASTA,2
3,I MUNICIPALIDAD DE CURACAUTIN,3
4,UNIVERSIDAD DE ATACAMA,4
5,ILUSTRE MUNICIPALIDAD DE CAMINA,5
6,UNIVERSIDAD DE TALCA,6
7,CORP MUNICIPAL DE ISLA DE MAIPO PARA L,7
8,I. Municipalidad Sagrada Familia,8
9,COMPLEJO ASISTENCIAL DR.VICTOR RIOS RUIZ,9
10,BAJ Valparaíso,10
11,I MUNICIPALIDAD DE LOLOL,11
12,UNIVERSIDAD ARTURO PRAT,12
13,I. Municipalidad de General Lagos,13
14,SERVICIO DE SALUD METROPOLITANA NORTE HOSPITAL SAN JOSE,14
15,Servicio de Salud del Reloncaví,15
16,DELEGACIÓN PRESIDENCIAL PROVINCIAL DE ISLA DE PASCUA,16
17,Corporación para el desarrollo de la provincia de Osorno,17
18,I MUNICIPALIDAD DE ISLA DE PASCUA,18
19,MINISTERIO DE OBRAS PUBLICAS DIREC CION GRAL DE OO PP DCYF,19
20,CORP MUNICIPAL DE DESARROLLO SOCIAL DE NUNOA,20
21,Departamento Provincial de Educación Norte,21
22,Ilustre Municipalidad de Cochamó - Salud,22
23,SERVICIO DE SALUD METROPOLITANO SUR HOSP,23
24,I MUNICIPALIDAD DE ARAUCO,24
25,ILUSTRE MUNICIPALIDAD TEODORO SCHMIDT,25
26,DELEGACIÓN PRESIDENCIAL PROVINCIAL DE CHAÑARAL,26
27,UNIVERSIDAD DE SANTIAGO DE CHILE,27
28,ILUSTRE MUNICIPALIDAD DE HUARA,29
29,I MUNICIPALIDAD DE PICHIDEGUA,30
30,ILUSTRE MUNICIPALIDAD DE ALTO BIOBIO,31
31,SERVICIO NACIONAL DE GEOLOGIA Y MINERIA,32
32,CORP MUNICIPAL DE EDUCACION Y SAL,33
33,SUBSECRETARIA DEL MINISTERIO DE AGRICULT,34
34,SERVICIO LOCAL DE EDUCACIÓN PÚBLICA DE CHILOÉ,35
35,CORP CULTURAL BALMACEDA DOCE QUINCE,36
36,DEPTO. PROVINCIAL DE CURICO,37
37,I MUNICIPALIDAD DE LA COMUNA DE EL BOSQUE,38
38,SERVICIO LOCAL DE EDUCACION PÚBLICA DE ATACAMA,39
39,Iluste Municipalidad de Huechuraba,40
40,CORP NACIONAL FORESTAL,42
41,Subsecretaria de Transportes,43
42,UNIVERSIDAD DE PLAYA ANCHA DE CIENCIAS DE LA EDUCACION,11
43,I MUNICIPALIDAD DE LO ESPEJO,33
44,SUBSECRETARIA DE LA NIÑEZ,44
45,SERVICIO DE SALUD SUR HOSPITAL SAN LUIS,47
46,I MUNICIPALIDAD DE MULCHEN DEPTO COMUNAL,41
47,UNIVERSIDAD DE CHILE,48
48,I MUNICIPALIDAD DE LA SERENA,49
49,SERVICIO LOCAL DE EDUCACIÓN PÚBLICA DE VALPARAÍSO,50
50,"Dirección de Educación, Doctrina e Historia de Carabineros",51
51,SERVICIO DE SALUD SUR HOSPITAL SANATORIO EL PINO,9
52,I MUNICIPALIDAD DE INDEPENDENCIA,8
53,Hospital Dr. Eduardo Pereira Ramirez,52
54,SERVICIO NACIONAL DE SALUD HOSPITAL PUREN,9
55,HOSPITAL CLAUDIO VICUNA,53
56,I MUNICIPALIDAD DE PENAFLOR,54
57,FUNDACION EDUCACIONAL PARA EL DESAROLLO INTEGRAL DE LA NIÑEZ,55
58,I MUNICIPALIDAD DE TALCA,56
59,CORPORACION MUNICIPAL DE CULTURA DE SAN JOAQUIN,57
60,I MUNICIPALIDAD DE MAULLIN,58
61,I MUNICIPALIDAD DE PAINE,59
62,MINISTERIO PUBLICO,61
63,I MUNICIPALIDAD DE PROVIDENCIA,62
64,SERVICIO LOCAL DE EDUCACIÓN PÚBLICA DEL ELQUI,63
65,HOSPITAL GUILLERMO GRANT BENAVENTE DE CO,64
66,POLICIA DE INVESTIGACIONES DE CHILE,65
67,ILUSTRE MUNICIPALIDAD DE MELIPILLA,66
68,I MUNICIPALIDAD DE LA FLORIDA,49
69,SUBSECRETARIA DEL DEPORTE,67
70,CORP MUNICIPAL DE EDUC SALUD CULTURA Y RECREACION DE LA FLORIDA,68
71,SUBSECRETARIA DE SALUD PUBLICA,69
72,CENTRO DE FORMACIÓN TÉCNICA ESTATAL DE LA REGIÓN DEL BIOBÍO,70
73,Departamento Provincial de Educación Concepción,72
74,UNIVERSIDAD DE AYSEN,73
75,ILUSTRE MUNICIPALIDAD DE PUTRE,28
76,SERVICIO LOCAL DE EDUCACIÓN PÚBLICA DEL PINO,75
77,I MUNICIPALIDAD DE SANTIAGO,76
78,GOBERNACION MARITIMA DE CASTRO,77
79,SUBSECRETARIA DE DESARROLLO REGIONAL Y ADMINISTRATIVO,78
80,I MUNICIPALIDAD DE MARIQUINA,79
81,I MUNICIPALIDAD DE CONCHALI,80
82,SUBSECRETARIA DE SEGURIDAD PUBLICA,82
83,I MUNICIPALIDAD DE TALAGANTE,84
84,I MUNICIPALIDAD DE LAS CONDES,85
85,Departamento Provincial de Educación Valparaíso - Isla de Pascua,86
86,I MUNICIPALIDAD DE QUINTERO,87
87,I MUNICIPALIDAD DE MAIPU,88
88,HOSPITAL DE URGENCIA ASISTENCIA PUBLICA DR ALEJANDRO DEL RIO,89
89,DIRECCION DE EDUCACION,41
90,SERVICIO DE VIVIENDA Y URBANIZACION III REGION,92
91,SERVICIO AGRICOLA Y GANADERO,93
92,CORPORACION CULTURAL MUNICIPAL DE LOS ANGELES,94
93,Ejercito de Chile,95
94,FONDO DE SOLIDARIDAD E INVERSION SOCIAL,96
95,SERVICIO LOCAL DE EDUCACIÓN PÚBLICA PUELCHE,98
96,UNIVERSIDAD DE TARAPACA,99
97,FISCALIZACION Y CONTROL,100
98,Corporación Cultural de Antofagasta,101
99,SECCIÓN COMPRAS XVI ZONA,102
100,SUBSECRETARIA DE TELECOMUNICACIONES,103
101,CORPORACION MUNICIPAL DE ISLA DE PASCUA,104
102,I MUNICIPALIDAD DE LA UNION,58
103,SERVICIO NACIONAL DEL CONSUMIDOR,106
104,INSTITUTO NACIONAL DE DEPORTES DE CHILE,107
105,COMISION DEL SISTEMA NACIONAL DE CERTIFICACION DE COMPETENCIAS LABORALES,108
106,SERVICIO LOCAL DE EDUCACIÓN PÚBLICA DE ANDALIÉN CO,109
107,SERVICIO SALUD OCCIDENTE HOSPITAL DR FELIX BULNES CERDA,110
108,UNIVERSIDAD DEL BIO BIO,111
109,DEPARTAMENTO FRONTERAS OS3,112
110,DEPARTAMENTO PROVINCIAL EDUCACION CAUTIN SUR,113
111,I MUNICIPALIDAD DE LOS MUERMOS,114
112,I MUNICIPALIDAD DE PUERTO VARAS,117
113,I MUNICIPALIDAD DE COQUIMBO,118
114,SERVICIO DE SALUD DE LA ARAUCANIA SUR HOSPITAL LONCOCHE,119
115,I MUNICIPALIDAD DE COLCHANE,121
116,Fundación de las Familias,122
117,SERVICIO DE SALUD DEL MAULE,123
118,SERVICIO NACIONAL DE PATRIMONIO,124
119,ILUSTRE MUNICIPALIDAD DE QUILLON,125
120,Dirección  de Salud Municipal Chillán,126
121,INSTITUTO NACIONAL DE HIDRAULICA,127
122,Departamento Provincial Choapa,128
123,DELEGACIÓN PRESIDENCIAL PROVINCIAL DE MAIPO,130
124,Departamento Provincial de Educación Santiago Oriente,131
125,I MUNICIPALIDAD DE GRANEROS,132
126,Departamento Provincial de Educación Cordillera,133
127,Direccion Admin. Salud Municipal Florida,134
128,Dirección de Salud Municipal,135
129,Servicio Local de Educación Pública Licancabur,137
130,I MUNICIPALIDAD DE SAN RAFAEL,140
131,CORPORACION DE DESARROLLO TERRITORIAL Y TURISMO DE LA REGION METROPOLITANA,141
132,SUBSECRETARIA DE SERVICIOS SOCIALES,142
133,SERVICIO DE SALUD HOSPITAL DE NANCAGUA,143
134,COMPLEJO ASISTENCIAL DR. SOTERO DEL RIO,144
135,JUNTA DE ALCALDES PROVIDENCIA LAS CONDES LA REINA,145
136,ILUSTRE MUNICIPALIDAD DE DIEGO DE ALMAGRO,146
137,I MUNICIPALIDAD DE PORTEZUELO,147
138,UNIVERSIDAD DE MAGALLANES,150
139,SERVICIO DE SALUD LOS RIOS,144
140,INSTITUTO DE PREVISION SOCIAL,151
141,I MUNICIPALIDAD PEDRO AGUIRRE CERDA,49
142,SERVICIO NACIONAL DE SALUD HOSPITAL DE C,152
143,I MUNICIPALIDAD DE YUMBEL,153
144,I MUNICIPALIDAD DE PERQUENCO,154
145,I MUNICIPALIDAD DE PUNITAQUI,156
146,Corporación Cultural Municipal de Puente Alto,79
147,I MUNICIPALIDAD DE REQUINOA,157
148,SERVICIO DE SALUD SUR UNIDAD HOSPITALARI,9
149,FF ALMIRANTE CONDELL,158
150,I MUNICIPALIDAD VALDIVIA,159
151,CORPORACION CULTURAL DE PENALOLEN,57
152,Tesorería Provincial de Illapel,161
153,I MUNICIPALIDAD DE OSORNO,162
154,I MUNICIPALIDAD DE LA HIGUERA,157
155,SERVICIO LOCAL DE EDUCACIÓN PÚBLICA LOS LIBERTADORES,98
156,DEPARTAMENTO CONTROL FINANCIERO,164
157,I MUNICIPALIDAD DE LAJA,28
158,I MUNICIPALIDAD DE SANTO DOMINGO,58
159,I MUNICIPALIDAD DE CARTAGENA,165
160,I MUNICIPALIDAD DE CONCEPCION,166
161,SERVICIO SALUD SAN FELIPE LOS ANDES HOSP,167
162,I MUNICIPALIDAD DE PUENTE ALTO,168
163,Ilustre Municipalidad de Longaví- Educación,169
164,CORPORACION MUNICIPAL VINA DEL MAR PARA EL DESARROLLO SOCIAL,170
165,Centro de Educación y Trabajo del Centro de Cumpli,171
166,SERVICIO NACIONAL DE SALUD HOSPITAL DE LEBU,172
167,SERVICIO DE SALUD VALDIVIA HOSPITAL DE R,173
168,SERVICIO NACIONAL DEL PATRIMONIO CULTURAL,174
169,ILUSTRE MUNICIPALIDAD DE CURARREHUE,154
170,I MUNICIPALIDAD DE CONSTITUCION,175
171,CENTRO DE FORMACION TECNICA DE LA REGION DE COQUIMBO,176
172,SERVICIO ELECTORAL,177
173,I MUNICIPALIDAD DE SAN JAVIER,178
174,I MUNICIPALIDAD DE RECOLETA,180
175,CORPORACIÓN DE FOMENTO DE LA PRODUCCIÓN - CORFO,181
176,SERVICIO SALUD ARAUCANIA NORTE HOSPITAL VICTORIA,9
177,Gendarmería de Chile - Dirección Regional de Coquimbo,182
178,SERVICIO LOCAL DE EDUCACIÓN PUBLICA DE ANDALIÉN CO,183
179,I MUNICIPALIDAD DE ARICA,184
180,INSTITUTO FORESTAL,185
181,I MUNICIPALIDAD DE LAS CABRAS,186
182,CORP MUNICIPAL DE PANGUIPULLI,157
183,SECCIÓN COMPRAS II ZONA,187
184,SUPERINTENDENCIA DE EDUCACION ESCOLAR,188
185,I MUNICIPALIDAD DE CONCON,189
186,I MUNICIPALIDAD DE LOS LAGOS,190
187,I MUNICIPALIDAD DE COPIAPO,191
188,GOBERNACION MARITIMA DE PUERTO MONTT,193
189,FUNDACION MUNICIPAL DE CULTURA DE PROVIDENCIA,57
190,ILUSTRE MUNICIPALIDAD MELIPEUCO,79
191,SERVICIO DE SALUD ATACAMA HOSPITAL COPIA,195
192,I MUNICIPALIDAD DE RIO NEGRO,30
193,I MUNICIPALIDAD DE PANGUIPULLI,33
194,SECCIÓN COMPRAS I ZONA,200
195,I MUNICIPALIDAD DE MULCHEN,201
196,I MUNICIPALIDAD DE LOS ANGELES DEPTO DE,202
197,I MUNICIPALIDAD DE ALHUE,204
198,I MUNICIPALIDAD DE CASTRO,125
199,I MUNICIPALIDAD DE SAN RAMON,205
200,Biblioteca del Congreso Nacional,206
201,SECRETARIA REGIONAL MINISTERIAL DE EDUCACION VI REGION,207
202,CORP DE DESARROLLO SOCIAL DE PROVIDENCIA,208
203,DELEGACIÓN PRESIDENCIAL REGIONAL DE ARICA Y PARINACOTA,209
204,CORPORACION CULTURAL SOCIAL Y DEPORTIVA MUNICIPAL DE QUILICURA,210
205,Dirección Regional de Gendarmeria - Metropolitana,211
206,CORP MUNICIPAL DE SERVICIOS PUBLICOS TRASPASADOS DE RANCAGUA,213
207,AGENCIA DE PROMOCION DE LA INVERSION EXTRANJERA,215
208,I MUNICIPALIDAD DE CALAMA,11
209,CORPORACION DE LA CULTURA Y LAS ARTES DE LA ILUSTRE MUNICIPALIDAD DE R,30
210,SERVICIO LOCAL DE EDUCACION PUBLICA DE LLANQUIHUE,216
211,SECCIÓN COMPRAS IV ZONA,217
212,Ilustre Municipalidad de San Juan de la Costa,218
213,I MUNICIPALIDAD DE COYHAIQUE,219
214,Departamento Administrativo de Salud Municipal.,222
215,I MUNICIPALIDAD DE MAULE,224
216,DIRECCION DEL TRABAJO,225
217,Hospital de Castro,227
218,SERVICIO LOCAL DE EDUCACION COSTA ARAUCANIA,228
219,CENTRO DE FORMACIÓN TÉCNICA DE LA REGIÓN DE AYSÉN DEL GENERAL CARLOS I,229
220,I MUNICIPALIDAD DE VALLENAR,230
221,Servicio Local de Educación Pública Santa Rosa,232
222,I MUNICIPALIDAD DE CURACAVI,233
223,I MUNICIPALIDAD DE HUALAIHUE,234
224,Ilustre Municipalidad de Contulmo - Educación,154
225,I MUNICIPALIDAD DE SAN ROSENDO,235
226,I MUNICIPALIDAD DE COIHUECO,238
227,SERVICIO DE VIVIENDA Y URBANIZACION II REGION,239
228,SERVICIO LOCAL DE EDUCACION PUBLICA ANDALIEN SUR,35
229,ILUSTRE TERCER TRIBUNAL AMBIENTAL,241
230,I MUNICIPALIDAD DE CANELA,242
231,HOSPITAL ADRIANA COUSINO DE QUINTERO,243
232,I MUNICIPALIDAD DE COLINA,125
233,I MUNICIPALIDAD DE QUILLOTA,245
234,I MUNICIPALIDAD DE TENO,247
235,"Centro de Perfeccionamiento, Experimentación e Inv",249
236,Departamento Provincial de Educación Iquique,250
237,Servicio Local de Educación Pública Aysén,252
238,I MUNICIPALIDAD DE LAGO VERDE,125
239,Secretaría Ministerial de Educación - RM,253
240,I MUNICIPALIDAD DE LIMACHE,254
241,"CORPORACION MUNICIPAL DE EDUCACION,SALUD,CULTURA Y ATENCION AL MENOR,",255
242,ILUSTRE MINICIPALIDAD DE COMBARBALA,256
243,UNIVERSIDAD TECNOLOGICA METROPOLITANA,191
244,I MUNICIPALIDAD DE LICANTEN,257
245,MUNICIPALIDAD DE OVALLE,258
246,I MUNICIPALIDAD DE CODEGUA,259
247,I MUNICIPALIDAD DE MARCHIGUE,260
248,SERVICIO DE SALUD DEL MAULE HOSPITAL DE TENO,262
249,GOBERNACION MARITIMA DE PUNTA ARENAS,263
250,I MUNICIPALIDAD DE MOSTAZAL,58
251,CORP MUNIC EDUC SALUD Y ATENCION,191
252,I MUNICIPALIDAD DE SAN MIGUEL,264
253,I MUNICIPALIDAD DE TEMUCO,265
254,I MUNICIPALIDAD DE LA GRANJA,267
255,I MUNICIPALIDAD DE NUEVA IMPERIAL,268
256,I MUNICIPALIDAD DE LONQUIMAY,269
257,I MUNICIPALIDAD DE QUILICURA,270
258,UNIVERSIDAD DE VALPARAISO,271
259,I MUNICIPALIDAD DE VILCUN,273
260,I MUNICIPALIDAD DE MEJILLONES,275
261,Dirección Regional de Gendarmeria - Puerto Montt,277
262,UNIVERSIDAD DE LA SERENA,278
263,SERVICIO DE SALUD NORTE HOSPITAL ROBERTO DEL RIO,279
264,I MUNICIPALIDAD DE TIL TIL,282
265,SERVICIO LOCAL DE EDUCACIÓN PÚBLICA DE LOS ÁLAMOS,98
266,I MUNICIPALIDAD DE SANTA MARIA,283
267,I MUNICIPALIDAD DE CABRERO DEPARTAMENTO DE SALUD,286
268,Ilustre Municipalidad de Cañete - Educación,18
269,GOBIERNO REGIONAL DE LA REGION DEL BIO BIO,287
270,Servicio de Registro Civil e Identificacion,288
271,Ilustre Municipalidad de Yerbas Buenas,289
272,HOSPITAL ORIENTE DR LUIS TISNE BROUSSE,291
273,Ilustre Municipalidad de Penco - Educación,292
274,SERVICIO DE SALUD SUR HOSPITAL EXEQUIEL,9
275,CORPORACION MUNIC DE EDUC SALUD ATENCION,293
276,SERVICIO NACIONAL DE SALUD HOSPITAL DE COCHRANE,294
277,MUNICIPALIDAD DE HUALPEN,295
278,Centro de Educación y Trabajo del CCP Talca,296
279,ASOCIACION CULTURAL MUNICIPAL DE CERRILLOS,297
280,Dirección Regional de Gendarmeria - Coyhaique,298
281,SUBSECRETARIA DEL MINISTERIO DE HACIENDA,300
282,SERVICIO NACIONAL DE REINSERCION SOCIAL JUVENIL,301
283,Superintendencia del Medio Ambiente,302
284,DEPARTAMENTO DE BIENESTAR SOCIAL 1° Z.N.,303
285,I MUNICIPALIDAD DE CORONEL DPTO ADMINIST,304
286,JUNTA NACIONAL DE JARDINES         INFANTILES,305
287,Carabineros de Chile - Prefectura Valdivia,306
288,DIRECCION SALUD RURAL,307
289,I MUNICIPALIDAD DE QUILACO,157
290,Ilustre Municipalidad de Ranquil,308
291,SERVICIO NACIONAL DE SALUD HOSPITAL CARLOS VAN BUR,309
292,I MUNICIPALIDAD DE HUALANE,310
293,I MUNICIPALIDAD DE VILLARRICA,154
294,Servicio Nacional de Turismo,311
295,I MUNICIPALIDAD DE PAPUDO,313
296,I MUNICIPALIDAD DE COLLIPULLI,314
297,ILUSTRE MUNICIPALIDAD DE PICHILEMU,197
298,DIRECCION GENERAL DE GENDARMERIA DE CHIL,316
299,DR. VICTOR HUGO MOLL DE CABILDO,318
300,Subsecretaria de las Culturas y las Artes Región de Aysen,319
301,Hospital de Peñaflor,9
302,SERVICIO DE SALUD NUBLE HOSPITAL DE SAN CARLOS DR BENICIO ARZOLA MEDIN,144
303,SERVICIO DE SALUD ORIENTE HOSPITAL LUIS CALVO MACKENNA,9
304,HOSPITAL PADRE ALBERTO HURTADO,9
305,SERVICIO DE SALUD OCCIDENTE INSTITUTO TRAUMATOLOGICO DE SANTIAGO,322
306,MINISTERIO DE LA MUJER Y LA EQUIDAD DE GÉNERO,323
307,CORPORACION MUNICIPAL DE DEPORTES DE RANCAGUA,325
308,SERVICIO DE BIODIVERSIDAD Y ÁREAS PROTEGIDAS,326
309,I MUNICIPALIDAD DE LAUTARO,275
310,Hospital Galvarino,328
311,Ilustre Municipalidad de Yumbel - Depto. Salud,329
312,I MUNICIPALIDAD DE PERALILLO,331
313,I MUNICIPALIDAD DE RIO BUENO,332
314,I MUNICIPALIDAD DE FLORIDA,333
315,I MUNICIPALIDAD DE CATEMU,79
316,I MUNICIPALIDAD DE TALCAHUANO,334
317,I MUNICIPALIDAD DE TRAIGUEN,335
318,SERVICIO DE SALUD COQUIMBO HOSPITAL LA SERENA,47
319,SUBSECRETARIA DEL MINISTERIO DE JUSTICIA,336
320,JUNTA NACIONAL DE AUXILIO ESCOLAR Y BECA,338
321,I MUNICIPALIDAD DE PADRE HURTADO,339
322,SERVICIO DE SALUD COQUIMBO HOSPITAL DE COQUIMBO,340
323,I MUNICIPALIDAD DE FRESIA,342
324,FONDO NACIONAL DE SALUD,343
325,I MUNICIPALIDAD DE TIRUA,79
326,I MUNICIPALIDAD DE PELLUHUE,238
327,SERVICIO DE SALUD HOSPITAL DE SAN FERNANDO,344
328,I MUNICIPALIDAD DE SIERRA GORDA,157
329,DIRECCION GENERAL DE AERONAUTICA CIVIL,345
330,ILUSTRE MUNICIPALIDAD DE RIO VERDE,347
331,UNIVERSIDAD DE ANTOFAGASTA,348
332,I MUNICIPALIDAD DE SAN FELIPE,349
333,SERVICIO DE SALUD MAGALLANES HOSPITAL DE PTO NATALES,350
334,Dirección Regional de Gendarmeria - Copiapo,352
335,SERVICIO NACIONAL DEL ADULTO MAYOR,353
336,Servicio local de educación pública de Valdivia,63
337,SERVICIO DE SALUD DEL MAULE HOSPITAL DE CURICO,110
338,Proyecto La Cisterna,354
339,I MUNICIPALIDAD DE EL QUISCO,33
340,CORP ADMINISTRATIVA DEL PODER JUDICIAL,356
341,ILUSTRE MUNICIPALIDAD DE COLBUN,282
342,I MUNICIPALIDAD DE SAN ANTONIO,357
343,SERVICIO DE SALUD VINA DEL MAR QUILLOTA,359
344,HOSPITAL DOCTOR ERNESTO TORRES GALDAMES,360
345,I MUNICIPALIDAD DE CORONEL,362
346,I MUNICIPALIDAD DE NEGRETE,363
347,CENTRO DE REFERENCIA DE SALUD DE PENALOLEN CORDILLERA ORIENTE,367
348,HOSPITAL DEL PERPETUO SOCORRO DE QUILACAHUIN,9
349,I MUNICIPALIDAD DE PARRAL,8
350,Economato Centro Detención Preventiva Puente Alto,371
351,DELEGACION DE BIENESTAR PUERTO WILLIAMS,372
352,HOSPITAL CLINICO METROPOLITANO DE LA FLORIDA DOCTORA ELOISA DIAZ,374
353,SERVICIO DE SALUD HOSPITAL COINCO,375
354,I MUNICIPALIDAD DE ERCILLA,154
355,PROGRAMA DE VIALIDAD Y TRANSPORTE URBANO SECTRA,377
356,SECCIÓN COMPRAS V ZONA,383
357,HOSPITAL BASE OSORNO,9
358,I MUNICIPALIDAD DE QUEMCHI,157
359,UNIVERSIDAD METROPOLITANA DE CIENCIAS DE LA EDUCACION,384
360,I MUNICIPALIDAD DE PALENA,385
361,Ilustre Municipalidad de Yumbel - Depto. Educacion,387
362,HOSPITAL EL CARMEN,388
363,I MUNICIPALIDAD DE QUILLECO,389
364,CORP CULTURAL Y TURISMO DE CALAMA,390
365,ILUSTRE MUNICIPALIDAD DE NATALES,391
366,UNIVERSIDAD DE LOS LAGOS,393
367,DELEGACIÓN PRESIDENCIAL REGIONAL DE LA ARAUCANÍA,398
368,CORP MUNICIPAL DE DESARROLLO SOCIAL DE PUDAHUEL,28
369,CENTRO DE FORMACIÓN TÉCNICA ESTATAL DE LA REGIÓN D,400
370,I MUNICIPALIDAD DE VINA DEL MAR,401
371,CORPORACION MUNICIPAL DE DESARROLLO SOCIAL COLINA,405
372,I MUNICIPALIDAD DE PUNTA ARENAS,244
373,SERVICIO LOCAL DE EDUCACIÓN PÚBLICA VALLE DIGUILLÍN,98
374,I MUNICIPALIDAD DE PEMUCO,406
375,I MUNICIPALIDAD DE BULNES,18
376,Ilustre Municipalidad de Pinto Depto. de Salud,407
377,I MUNICIPALIDAD DE LAMPA,28
378,SERVICIO SALUD DEL RELONCAVI,408
379,ILUSTRE MUNICIPALIDAD DE CHILLAN VIEJO,157
380,I MUNICIPALIDAD DE SAAVEDRA,409
381,Hospital Villarrica,410
382,Subsecretaria de las Culturas y las Artes Región de Coquimbo,411
383,DELEGACIÓN PRESIDENCIAL REGIONAL DE AYSÉN DEL GENERAL CARLOS IBÁÑEZ DE,412
384,SECCIÓN COMPRAS IX ZONA,413
385,SERVICIO DE COOPERACION TECNICA,414
386,IMunicipalidad de Molina,415
387,Corporación Municipal de Des.Social C de Tango,267
388,FF ALMIRANTE COCHRANE,416
389,HOSPITAL COMPLEJO ASISTENCIAL PADRE LAS CASAS,418
390,I MUNICIPALIDAD DE CHIGUAYANTE,419
391,I MUNICIPALIDAD DE MARIA ELENA,422
392,ILUSTRE MUNICIPALIDAD DE RETIRO,28
393,CONSULTORIO EXTERNO VALDIVIA,423
394,I MUNICIPALIDAD DE LA CALERA,197
395,I MUNICIPALIDAD DE PICA,425
396,SERVICIO NACIONAL DE CAPACITACION Y EMPLEO,426
397,Tesorería Regional Concepción,427
398,I MUNICIPALIDAD DE PUCON,331
399,SERVICIO NACIONAL DE PROTECCIÓN ESPECIALIZADA A LA NIÑEZ Y ADOLESCENCI,428
400,I MUNICIPALIDAD DE PIRQUE,431
401,SERVICIO LOCAL DE EDUCACIÓN PÚBLICA DE VALDIVIA,98
402,DELEGACIÓN PRESIDENCIAL PROVINCIAL DEL RANCO,433
403,I.Municipalidad de Camarones,424
404,SUBSECRETARIA DEL INTERIOR,435
405,Instituto Nacional de Neurocirugía,9
406,SERVICIO DE SALUD CHILOE,436
407,UNIVERSIDAD DE O'HIGGINS,437
408,I. MUNICIPALIDAD DE SAN NICOLÁS D. EDUCACIÓN,438
409,I MUNICIPALIDAD DE CURICO,440
410,Departamento Provincial de Educación Bío Bío,441
411,"SUBSECRETARIA DE CIENCIA, TECNOLOGIA, CONOCIMIENTO E INNOVACION",443
412,AGENCIA CHILENA DE EFICIENCIA ENERGETICA,444
413,Centro de Educación y Trabajo del CDP Talagante,445
414,ILUSTRE MUNICIPALIDAD DE QUINTA NORMAL,446
415,Hospital de Quellón,447
416,SERVICIO DE SALUD DEL MAULE HOSPITAL DE PARRAL,448
417,SERVICIO DE SALUD ARAUCO,449
418,I MUNICIPALIDAD DE CAUQUENES,28
419,I MUNICIPALIDAD DE MONTEPATRIA,451
420,CAJA DE PREVISION DE LA DEFENSA NACIONAL,452
421,ILUSTRE MUNICIPALIDAD DE POZO ALMONTE,453
422,IVª Brigada Aérea,454
423,SERVICIO NACIONAL DE MIGRACIONES,455
424,I MUNICIPALIDAD DE TOME,244
425,Subsecretaria de las Culturas y las Artes Región de los Rios,456
426,I MUNICIPALIDAD DE MALLOA,457
427,DEFENSORIA PENAL PUBLICA,458
428,HOSPITAL DE QUILPUE,459
429,SERVICIO DE SALUD COQUIMBO HOSPITAL DE LOS VILOS,460
430,SERVICIO DE SALUD DEL MAULE HOSPITAL DE MOLINA,464
431,CONSULTORIO GENERAL URBANO DR ALEJANDRO GUTIERREZ,468
432,Carabineros de Chile - VIII Zona Bio Bio,471
433,Carabineros de Chile - Dirección de Bienestar,472
434,CORPORACION CULTURAL DE LA ILUSTRE MUNICIPALIDAD DE VALDIVIA,473
435,SERVICIO DE SALUD LIBERTADOR BDO OHIGGINS,474
436,I MUNICIPALIDAD DE PANQUEHUE,475
437,I MUNICIPALIDAD DE ANCUD,476
438,I MUNICIPALIDAD DE NOGALES,477
439,I MUNICIPALIDAD DE PEUMO,424
440,HOSPITAL PUERTO MONTT SERVICIO DE SALUD DEL RELONCAVI,9
441,SERVICIO DE SALUD BIO BIO,173
442,ALA BASE N°1,479
443,SERVICIO NACIONAL ARAUCANIA SUR HOSPITAL DR ABRAHAM GODOY PENA LAUTARO,481
444,DELEGACIÓN PRESIDENCIAL REGIONAL DE COQUIMBO,484
445,I MUNICIPALIDAD DE YUNGAY,485
446,DIRECCION DE SALUD,242
447,I MUNICIPALIDAD DE AYSEN,486
448,CORP MUNICIPAL DE DESARROLLO SOCIAL DE A,488
449,COMISION ADMINISTRADORA DEL SISTEMA DE CREDITOS P. ESTUDIOS SUPERIORES,489
450,UNIVERSIDAD DE LA FRONTERA,491
451,SERVICIO DE SALUD AYSEN CARLOS IBANEZ DEL CAMPO,493
452,Tesorería Regional Santiago Oriente,494
453,CENTRAL DE ABASTECIMIENTO DEL SISTEMA NACIONAL DE SERVICIO DE SALUD,497
454,SUBSECRETARIA DEL MINISTERIO DE MINERIA,498
455,I MUNICIPALIDAD DE LOS VILOS,79
456,CENTRO DE FORMACION TECNICA DE LA REGION METROPOLITANA DE SANTIAGO,499
457,SEREMI Bienes Nacionales VII Región,500
458,SERVICIO DE IMPUESTOS INTERNOS DIRECCION,501
459,I MUNICIPALIDAD DE SAN NICOLAS,503
460,I MUNICIPALIDAD DE PUYEHUE,220
461,DIRECCION DE LOGISTICA DE CARABINEROS,504
462,SERVICIO DE SALUD VALDIVIA HOSPITAL BASE,9
463,GOBIERNO REGIONAL IV REGION COQUIMBO,505
464,SERVICIO SALUD ARAUCANIA HOSPITAL DE COLLIPULLI,506
465,Fundación para la Innovación Agraria,508
466,MUNICIPALIDAD DE LOS ANDES,197
467,SUBSECRETARIA DE MARINA HOSP NAVAL ALMIR,510
468,SECRETARIA REGIONAL MINISTERIAL DE EDUCACION II REGIÓN,512
469,HOSPITAL CLINICO HERMINDA MARTIN,9
470,I MUNICIPALIDAD DE CALERA DE TANGO,28
471,Dirección de Administración de Salud Municipal,514
472,HOSPITAL DE MEJILLONES,516
473,SECCIÓN COMPRAS ZONA SANTIAGO OESTE,517
474,CORPORACION DE DESARROLLO E INNOVACION DE LA ILUSTRE MUNICIPALIDAD DE,30
475,Division de Bienestar Social,519
476,MUNICIPALIDAD DE RECOLETA,521
477,I MUNICIPALIDAD DE LINARES,522
478,I MUNICIPALIDAD DE SAN VICENTE,523
479,SERVICIO DE SALUD DEL MAULE HOSPITAL SAN JAVIER,524
480,SUBSECRETARIA DEL MEDIO AMBIENTE,525
481,I MUNICIPALIDAD DE LONGAVI,528
482,I MUNICIPALIDAD DE PADRE LAS CASAS,529
483,DELEGACIÓN PRESIDENCIAL REGIONAL DEL LIBERTADOR BERNARDO  O´HIGGINS,530
484,Economato CPF San Miguel,538
485,ILUSTRE MUNICIPALIDAD DE MACHALI,58
486,SERVICIO NACIONAL DE MENORES,540
487,HOSPITAL DOCTOR HERNAN HENRIQUEZ ARAVENA,541
488,SERVICIO DE SALUD DE ARICA Y PARINACOTA,542
489,SECCIÓN COMPRAS XIV ZONA,543
490,INSTITUTO NACIONAL DE ESTADISTICAS,544
491,DELEGACIÓN PRESIDENCIAL REGIONAL DE MAGALLANES Y DE LA ANTÁRTICA CHILE,398
492,SERVICIO DE SALUD VALPARAISO SAN ANTONIO,546
493,CORPORACION MUNICIPAL DE CULTURA DE TALCA,547
494,SERVICIO DE SALUD HOSPITAL DE SAN VICENTE DE TAGUA TAGUA,548
495,GOBERNACION MARITIMA DE SAN ANTONIO,549
496,I MUNICIPALIDAD DE RIO CLARO,550
497,I MUNICIPALIDAD DE ALGARROBO,552
498,DIRECCION GENERAL DE PROMOCION DE EXPORTACIONES,553
499,I MUNICIPALIDAD DE ANGOL,41
500,SERVICIO DE SALUD COQUIMBO HOSPITAL DE O,144
501,DIRECCIÓN REGIONAL ADUANA METROPOLITANA,555
502,I MUNICIPALIDAD DE ANTUCO,556
503,I.Municipalidad de El Carmen,154
504,Dirección Regional de Gendarmeria - Concepcion,559
505,IIª Brigada Aérea,560
506,I MUNICIPALIDAD DE SAN BERNARDO,561
507,Hospital de Achao,562
508,SERVICIO SALUD METROPOLITANO OCCIDENTE,564
509,Escuela de Gendarmeria,565
510,DIRECCION DE PRESUPUESTOS MINISTERIO DE,566
511,Dirección Regional de Gendarmeria - Pta. Arenas,567
512,DELEGACION PRESIDENCIAL PROVINCIAL DE OSORNO,568
513,I MUNICIPALIDAD DE LA LIGUA,569
514,I MUNICIPALIDAD DE QUILPUE,571
515,I MUNICIPALIDAD DE FREIRE,331
516,I MUNICIPALIDAD DE LA CRUZ,41
517,I MUNICIPALIDAD DE PUERTO MONTT,573
518,I MUNICIPALIDAD DE CONTULMO,117
519,SERVICIO DE SALUD DEL MAULE HOSPITAL DE CUREPTO,575
520,I MUNICIPALIDAD DE LAS GUAITECAS,576
521,I MUNICIPALIDAD DE GORBEA,577
522,Departamento de Educación,58
523,CORPORACION DEL DEPORTE DE PICHIDEGUA,579
524,ILUSTRE MUNICIPALIDAD DE CUREPTO,581
525,Carabineros de Chile - Unidad Contable Disalcar,583
526,SEREMI de Educación de la Región de Los Ríos,585
527,SERVICIO DE SALUD ARAUCANIA NORTE HOSPITAL DE ANGOL,586
528,CORP MUNICIPAL DE SAN MIGUEL,587
529,Juzgado de Garantia de Limache,590
530,I MUNICIPALIDAD DE LOS ALAMOS,591
531,SERVICIO SALUD ARAUCANIA SUR HOSPITAL PITRUFQUEN,592
532,Departamento Provincial de Educación Chiloé,594
533,SECRETARIA REG MINIST DE BIENES NACIONAL I REGION,596
534,I MUNICIPALIDAD DE SAN PABLO,79
535,I MUNICIPALIDAD DE VALPARAISO,597
536,Centro de Educación y Trabajo de Osorno,598
537,"CORPORACION DE EDUCACION, SALUD Y MENORES DE PUERT",599
538,CORPORACION CULTURAL ESTACION CENTRAL,601
539,Servicio Local de Educación Pública Magallanes,603
540,SERVICIO DE SALUD ACONCAGUA,604
541,SERVICIO NACIONAL PARA LA PREVENCION Y REHABILITACION DEL CONSUMO DE D,605
542,"Regimiento Reforzado N° 1 ""Calama""",606
543,Departamento Provincial Educación Elqui,607
544,I MUNICIPALIDAD DE CURANILAHUE,608
545,Hospital San José de Melipilla,144
546,Servicio de Bienestar Social,609
547,CORP.MUNICIPAL GABRIEL GONZALEZ VIDELA DE LA SERENA,610
548,CORPORACION CULTURAL DE LO BARNECHEA,611
549,I MUNICIPALIDAD DE LONCOCHE,612
550,Municipalidad de Yerbas Buenas-Depto. Salud,332
551,I MUNICIPALIDAD DE TORTEL,616
552,INSTITUTO DE FOMENTO PESQUERO,617
553,MUNICIPALIDAD DE CHOLCHOL,618
554,CORPORACION CULTURAL DE LA REINA,57
555,Departamento de Salud,331
556,SECCIÓN COMPRAS VII ZONA,619
557,SERVICIO DE SALUD ANTOFAGASTA HOSPITAL 21 DE MAYO TALTAL,9
558,SERVICIO DE SALUD OSORNO,173
559,I MUNICIPALIDAD DE OLIVAR,620
560,SERVICIO DE SALUD ANTOFAGASTA DIRECCION,621
561,"Regimiento Logístico N° 1 ""Tocopilla""",622
562,Dirección General de Carabineros de Chile,623
563,I MUNICIPALIDAD DE TREHUACO,30
564,INSTITUTO NACIONAL DEL TORAX,624
565,I MUNICIPALIDAD DE QUIRIHUE,154
566,I MUNICIPALIDAD DE CABILDO,627
567,SERVICIO NACIONAL DE SALUD HOSPITAL DE LOTA,9
568,I MUNICIPALIDAD DE MAFIL,629
569,SERVICIO NACIONAL DE SALUD HOSPITAL DE CORONEL,9
570,INSTITUTO DE SALUD PUBLICA DE CHILE,630
571,SERVICIO AEROFOTOGRAMETRICO DEL GENERAL JUAN SOLER MANFREDINI,631
572,SERVICIO DE SALUD OCCIDENTE HOSPITAL SAN JUAN DE DIOS,633
573,Dirección Regional de Gendarmeria - Valparaiso,634
574,I MUNICIPALIDAD DE COINCO,635
575,SECCIÓN COMPRAS XI ZONA,639
576,SEREMI de Educación Arica y Parinacota,640
577,Dirección Regional de Gendarmeria - Valdivia,641
578,ILUSTRE MUNICIPALIDAD DE SAN GREGORIO,643
579,I MUNICIPALIDAD ESTACION CENTRAL,644
580,I MUNICIPALIDAD DE CALDERA,331
581,I.MUNICIPALIDAD DE LOTA - SALUD,331
582,SUBSECRETARIA DE PREVENCION DEL DELITO,647
583,SERVICIO DE SALUD ARAUCO HOSPITAL DE ARAUCO,9
584,I MUNICIPALIDAD DE GALVARINO,282
585,SERVICIO DE SALUD ARICA HOSP DR JUAN NOE CREVANI,650
586,DELEGACIÓN PRESIDENCIAL REGIONAL DE TARAPACÁ,652
587,DIRECCION DE EDUCACION DE LA ARMADA,653
588,I MUNICIPALIDAD DE SANTA CRUZ,218
589,SENADO DE LA REPUBLICA,656
590,CENTRO REFERENCIAL DE SALUD DR SALVADOR ALLENDE GOSSENS,658
591,I MUNICIPALIDAD DE PLACILLA,659
592,I MUNICIPALIDAD DE CUNCO,220
593,I MUNICIPALIDAD DE NUNOA,660
594,HOSPITAL METROPOLITANO DE SANTIAGO,597
595,CORPORACION MUNICIPAL DE PENALOLEN PARA EL DESARRO,661
596,CORP MUNICIPAL DE CASTRO PARA LA EDUCACION SALUD Y ATENCION AL MENOR,662
597,SERVICIO NACIONAL DE SALUD HOSPITAL DE PUERTO AYSEN,663
598,SERVICIO LOCAL DE EDUCACION PUBLICA DE GABRIELA MISTRAL,667
599,1° Juzgado de Letras del Trabajo de Santiago,669
600,I MUNICIPALIDAD DE LA PINTANA,670
601,SERVICIO DE SALUD ANTOFAGASTA HOSP C CIS,672
602,ILUSTRE MUNICIPALIDAD DE ALTO DEL CARMEN,673
603,I.MUNICIPALIDAD DE ROMERAL,154
604,SERVICIO DE SALUD ARAUCANIA SUR HOSPITAL DE GORBEA,676
605,SERVICIO SALUD ATACAMA HOSPITAL DE HUASCO,677
606,I MUNICIPALIDAD DE TALTAL,679
607,SERVICIO LOCAL DE EDUCACIÓN PÚBLICA DE MARGA MARGA,98
608,INSTITUTO DE INVESTIGACIONES Y CONTROL,683
609,SECCIÓN COMPRAS XV ZONA,688
610,I MUNICIPALIDAD DE CHEPICA,689
611,SERVICIO DE SALUD COQUIMBO HOSPITAL DR. HUMBERTO ELORZA CORTES,690
612,Educación,691
613,CONTRALORIA GENERAL DE LA REPUBLICA,694
614,GOBIERNO REGIONAL V REGION,696
615,DELEGACIÓN PRESIDENCIAL PROVINCIAL DEL BIOBÍO,698
616,ILUSTRE MUNICIPALIDAD DE LLANQUIHUE-DEPTO. DE SALUD,700
617,Ministerio de Vivienda y Urbanismo,702
618,I MUNICIPALIDAD DE SAN PEDRO DE ATACAMA,703
619,SERVICIO DE SALUD METROPOLITANO OCCIDENTE HOSPITAL DE CURACAVI,704
620,Hospital de Lolol,705
621,MUNICIPALIDAD DE CORRAL,706
622,I MUNICIPALIDAD DE COCHRANE,708
623,ESTACION NAVAL METROPOLITANA,710
624,SECRETARIA REGIONAL MINISTERIAL DE EDUCACION XII REGION,714
625,SERVICIO DE SALUD NUBLE,9
626,SUBSECRETARIA DE TRANSPORTES,715
627,INSTITUTO NACIONAL DE LA JUVENTUD,716
628,INSTITUTO DE DESARROLLO AGROPECUARIO,717
629,SERVICIO DE SALUD METROPOLI CENTRAL DIRECCION DE ATENCION PRIMARIA,718
630,Subsecretaria de las Culturas y las Artes Región de Antofagasta,720
631,HOSPITAL PROVINCIAL   DEL HUASCO MSR FERNANDO ARIZTIA RUIZ,721
632,Dirección Regional de Ñuble,722
633,I MUNICIPALIDAD DE EL MONTE,724
634,SUBSECRETARIA DEL MINISTERIO DE EDUCACION PUBLICA,725
635,CONSULTORIO GENERAL URBANO VIOLETA PARRA,9
636,I MUNICIPALIDAD DE PUREN,332
637,I MUNICIPALIDAD DE CURACO DE VELEZ,726
638,SERVICIO LOCAL DE EDUCACION DE PUERTO CORDILLERA,727
639,SERVICIO DE SALUD ARAUCANIA SUR HOSPITAL CARAHUE,713
640,Ilustre Municipalidad de Fresia - Salud,22
641,HOSPITAL DE LA FAMILIA Y LA COMUNIDAD SANTO TOMAS DE LIMACHE,730
642,HOSPITAL CLINICO METROPOLITANO EL CARMEN DOCTOR LUIS VALENTIN FERRADA,173
643,SERVICIO DE SALUD VALDIVIA HOSPITAL LA U,9
644,CONSEJO NACIONAL DE EDUCACION,731
645,DELEGACIÓN PRESIDENCIAL PROVINCIAL DE ARAUCO,732
646,I MUNICIPALIDAD DE LEBU,30
647,Tribunal de Juicio Oral en lo Penal de Linares,733
648,SUBSECRETARIA DE PESCA Y ACUICULTURA,734
649,SERVICIO DE VIVIENDA Y URBANIZACION X REGION,735
650,Servicio de Gobierno Interior,736
651,COMISION CHILENA DE ENERGIA NUCLEAR,740
652,I MUNICIPALIDAD DE QUINTA DE TILCOCO,154
653,HOSPITAL DR GUSTAVO FRICKE DE VINA DEL MAR,742
654,I MUNICIPALIDAD DE LAGO RANCO,33
655,I MUNICIPALIDAD DE SANTA BARBARA,744
656,I MUNICIPALIDAD DE ILLAPEL,59
657,Centro de Educación y Trabajo San Carlos,745
658,I MUNICIPALIDAD DE VILLA ALEGRE,746
659,Instituto Nacional del Cancer,747
660,CORP DE EDUCACION Y SALUD DE LAS CONDES,748
661,DEFENSA CIVIL DE CHILE,749
662,I MUNICIPALIDAD DE O HIGGINS,83
663,I MUNICIPALIDAD DE TOCOPILLA,751
664,I MUNICIPALIDAD DE PUTAENDO,561
665,Corporación Municipal de Valparaíso para el Desarrollo Social,757
666,Dirección Regional de Gendarmeria - Antofagasta,760
667,POLÍCLINICO MÉDICO - DENTAL DE PUERTO MONTT,761
668,SERVICIO NACIONAL DE SALUD HOSPITAL DE T,762
669,SERVICIO DE SALUD VALDIVIA HOSPITAL DE L,173
670,I MUNICIPALIDAD DE CHANCO,763
671,ILUSTRE MUNICIPALIDAD DE SAN CARLOS,764
672,Dirección Regional de Gendarmeria - Rancagua,765
673,I MUNICIPALIDAD DE COLTAUCO,429
674,Proyecto ING2530001 DECANAT FACULTAD DE INGENIERÍA,766
675,Ilustre Municipalidad de Cabrero,274
676,SERVICIO DE SALUD ARAUCANIA NORTE,9
677,FONDO PARA HOSPITALES DE CARABINEROS DE CHILE,770
678,"CORPORACIÓN MUNICIPAL DE EDUCACIÓN, SALUD Y ATENCIÓN DE MENORES CHONCHI",11
679,DIRECCIÓN REGIONAL DE COQUIMBO SERPAT,772
680,ARMADA DE CHILE DEPARTAMENTO DE BIENESTAR SOCIAL DE PUERTO MONTT,773
681,INSTITUTO ANTARTICO CHILENO,774
682,"CORPORACION MUNICIPAL DE EDUCACION,SALUD,CULTURA Y",775
683,Servicio de Salud Coquimbo Hospital de Ovalle,776
684,SERVICIO DE SALUD ANTOFAGASTA HOSPITAL L,777
685,CENTRO DE SALUD FAMILIAR PUERTO AYSÉN,781
686,Comando de Personal,783
687,I. MUNICIPALIDAD DE CERRO NAVIA,784
688,Mineduc Administración X Región,785
689,ATF 65 Janequeo,788
690,CONSULTORIO GENERAL URBANO VICTOR DOMINGO SILVA,789
691,BASE NAVAL PUERTO MONTT,790
692,SERVICIO SALUD ARAUCANIA NORTE HOSPITAL CURACAUTIN,791
693,SUBSECRETARIA DE RELACIONES ECONOMICAS INTERNACIONALES,792
694,I MUNICIPALIDAD DE PINTO,30
695,SERVICIO DE SALUD VALDIVIA HOSPITAL LANC,9
696,Municipalidad de Pemuco - Educación,154
697,CORPORACION DE ASISTENCIA JUDICIAL DE LA REGION DEL BIO BIO,797
698,I MUNICIPALIDAD DE SAN FABIAN,157
699,Departamento Provincial de Educación Limari,799
700,Centro de Educación y Trabajo XI Región,800
701,HOSPITAL CLINICO DE MAGALLANES DR. LAUTARO NAVARRO AVARIA,9
702,SERVICIO NACIONAL DE SALUD HOSPITAL CARLOS VAN BUREN,173
703,CONSULTORIO GENERAL URBANO SAN FELIPE,423
704,SERVICIO DE SALUD ACONCAGUA HOSPITAL DE PUTAENDO,801
705,DIRECCION DE INGENIERIA DE SISTEMAS NAVALES,803
706,CENTRO DE INFORMACION DE RECURSOS NATURALES,804
707,I MUNICIPALIDAD DE SAN IGNACIO,28
708,I MUNICIPALIDAD DE CHONCHI,244
709,I MUNICIPALIDAD DE VICHUQUEN,30
710,Fondos Extrapresupuestarios Escipol,806
711,SERVICIO HIDROGRAFICO Y OCEANOGRAFICO DE LA ARMADA,811
712,SERVICIO DE SALUD DEL MAULE HOSPITAL DE,812
713,Iª Brigada Aérea,813
714,CORPORACION MUNICIPAL DE DESARROLLO SOCIAL POZO AL,815
715,I MUNICIPALIDAD DE RENAICO,156
716,SUBSECRETARIA DE DERECHOS HUMANOS,816
717,SUBSECRETARIA DE ECONOMIA Y EMPRESAS DE MENOR TAMA,817
718,Tesoreria Regional Santiago Poniente,820
719,I MUNICIPALIDAD DE RENCA,821
720,I MUNICIPALIDAD DE PETORCA,11
721,SERV SALUD METROPOLITANO CENTRAL HOSPITAL CLINICO SAN BORJA ARRIARAN,47
722,SUBSECRETARÍA DE LAS CULTURAS Y LAS ARTES,825
723,MUNICIPALIDAD DE MULCHEN DIRECCION DE SALUD MUNICIPAL,242
724,I MUNICIPALIDAD DE SAN PEDRO DE LA PAZ,828
725,I MUNICIPALIDAD DE PURRANQUE,244
726,I MUNICIPALIDAD DE DALCAHUE,829
727,I MUNICIPALIDAD DE OLMUE,830
728,MUNICIPALIDAD DE VITACURA,833
729,DELEGACIÓN PRESIDENCIAL REGIONAL METROPOLITANA DE SANTIAGO,834
730,SERVICIO NACIONAL DE LA MUJER Y LA EQUIDAD DE GENERO,837
731,Juzgado Letras y Garantia TalTal,838
732,SERVICIO NACIONAL DE SALUD HOSPITAL DE PUERTO OCTAY,839
733,Juzgado de Familia de Puerto Varas,840
734,I MUNICIPALIDAD DE PAILLACO,841
735,I MUNICIPALIDAD DE FUTRONO,844
736,I MUNICIPALIDAD DE TUCAPEL,845
737,SERVICIO DE VIVIENDA Y URBANIZACION IX REGION,846
738,I MUNICIPALIDAD DE PELARCO,847
739,SERVICIO LOCAL DE EDUCACIÓN PÚBLICA MAULE COSTA,848
740,Instituto Nacional de la Juventud,849
741,IMunicipalidad de San Pablo - Educación,154
742,14° Juzgado de Garantia de Santiago,850
743,I MUNICIPALIDAD DE SAN CLEMENTE,851
744,EJERCITO DE CHILE HOSPITAL MILITAR DE SANTIAGO,852
745,Corporación de Investigación y Avance de la Paleontología e Historia Natural de Atacama,853
746,I MUNICIPALIDAD DE LOS SAUCES,282
747,I MUNICIPALIDAD DE TOLTEN,854
748,Departamento Provincial de Educación Huasco,856
749,I MUNICIPALIDAD DE NAVIDAD,424
750,I MUNICIPALIDAD DE CHANARAL,242
751,Juzgado de Familia de Coronel,857
752,DIRECCION GENERAL DEL CREDITO PRENDARIO,858
753,Hospital Sanatorio San José de Maipo,859
754,SERVICIO DE SALUD DEL MAULE HOSPITAL DE LINARES,860
755,I MUNICIPALIDAD DE PUCHUNCAVI,862
756,I MUNICIPALIDAD DE HUASCO,79
757,I MUNICIPALIDAD DE PENCO,282
758,Ilustre Municipalidad de Río Negro - Educación,154
759,Secretaria Regional Ministerial de las Artes y el,867
760,I MUNICIPALIDAD DE PENALOLEN,869
761,I MUNICIPALIDAD DE CHILLAN,870
762,CENTRO DE EDUCACION INTEGRAL DE ADULTOS FERMIN FIERRO LUENGO,871
763,EJERCITO DE CHILE ESCUELA CABALLERIA QUI,874
764,I MUNICIPALIDAD DE ZAPALLAR,875
765,I MUNICIPALIDAD DE HIJUELAS,877
766,SUBSECRETARIA DE ENERGIA,878
767,CORPORACION MUNICIPAL DE DESARROLLO SOCIAL DE MACUL,880
768,I MUNICIPALIDAD DE CANETE,28
769,DEPTO BIENESTAR SOCIAL (M) 3RA ZONA NAVA,882
770,SERVICIO DE SALUD ORIENTE HOSPITAL DEL SALVADOR,9
771,I MUNICIPALIDAD DE FREIRINA,883
772,I MUNICIPALIDAD DE LO PRADO,884
773,I MUNICIPALIDAD DE PITRUFQUEN,28
774,CORP NACIONAL DE DESARROLLO INDIGENA,888
775,Servicio Bienestar del Personal,890
776,Hospital Provincial de Ovalle,891
777,CENTRO DE ABASTECIMIENTO (M),894
778,I MUNICIPALIDAD RIO IBANEZ,83
779,CORPORACION MUNICIPAL DE DEPORTES DE PEÑAFLOR,895
780,CORP MUNICIPAL SAN FERNANDO PARA LA ATENCION MENORES Y LAS A DE E Y S,28
781,I MUNICIPALIDAD DE DONIHUE,154
782,I MUNICIPALIDAD DE SANTA JUANA,897
783,DELEGACIÓN PRESIDENCIAL PROVINCIAL DE TIERRA DEL F,904
784,DELEGACIÓN PRESIDENCIAL PROVINCIAL DE TALAGANTE,911
785,CORPORACION MUNICIPAL DE TURISMO VICUNA,914
786,I MUNICIPALIDAD DE RINCONADA,58
787,I MUNICIPALIDAD DE CALLE LARGA,916
788,I MUNICIPALIDAD DE LLANQUIHUE,917
789,SERVICIO NACIONAL DE LA DISCAPACIDAD,50
790,Centro de Educación y Trabajo CCP Copiapó,919
791,CENTRO DE PERFECCIONAMIENTO EXPERI E INV,920
792,CORP MUNICIPAL DE DESARROLLO SOCIAL DE IQUIQUE,921
793,ILUSTRE MUNICIPALIDAD DE LINARES,246
794,DELEGACIÓN PRESIDENCIAL PROVINCIAL DE CHOAPA,923
795,FONDO HOSPITAL DE LA DIRECCION DE PREVISION DE CARABINEROS DE CHILE,924
796,Mineduc Administración III Región,925
797,I MUNICIPALIDAD DE LOTA,33
798,DELEGACIÓN PRESIDENCIAL PROVINCIAL DE PARINACOTA,927
799,I MUNICIPALIDAD DE SALAMANCA,197
800,SUPERINTENDENCIA DE SERVICIOS SANITARIOS,930
801,INSTITUTO DE INVESTIGACIONES AGROPECUARIAS,933
802,SERVICIO DE SALUD SUR HOSPITAL LUCIO CORDOVA,9
803,SUB BASE NAVAL ISLA DAWSON,935
804,CORPORACION MUNICIPAL DE INNOVACION Y DESARROLLO ECONOMICO Y SOCIAL DE SAN JOAQUIN,940
805,SECRETARIA GENERAL DE GOBIERNO,942
806,SSVQ / Servicio de Bienestar,943
807,Centro de Educación y Trabajo Colina 1,944
808,Servicio de Registro Civil e Identificación,950
809,I MUNICIPALIDAD DE CARAHUE,951
810,Servicio Nacional de Pesca y Acuicultura,952
811,I MUNICIPALIDAD DE NIQUEN,955
812,SERVICIO SALUD VINA DEL MAR QUILLOTA,956
813,Corporación de Asistencia Judicial Región  Biobío,958
814,Corporación Municipal de Lo Prado,959
815,GOBERNACION MARITIMA DE COQUIMBO,962
816,ARCHIVO NACIONAL,963
817,I MUNICIPALIDAD DE TIERRA AMARILLA,964
818,Tesorería Provincial de La Ligua,965
819,SERVICIO DE VIVIENDA Y URBANIZACION XI REGION,966
820,I MUNICIPALIDAD DE QUILLECO DEPARTAMENTO,968
821,"Zona de Bienestar ""Coyhaique""",969
822,DIRECCION SERVICIO SALUD METROPOLITANO O,9
823,Dirección Regional de Gendarmeria - Temuco,970
824,DIRECCIÓN REGIONAL ADUANA DE PUNTA ARENAS,971
825,BAJ Los Lagos,973
826,SERVICIO DE REGISTRO CIVIL E IDENTIFICACION,974
827,DEPARTAMENTO PROVINCIAL DE EDUCACION CAUTIN NORTE,975
828,SERVICIO NAC DE SALUD HOSPITAL DE PTO CISNES,976
829,I MUNICIPALIDAD DE COELEMU,28
830,Ilustre Municipalidad de Penco - Salud,331
831,I.Municipalidad de San Pablo -Salud,157
832,Ilustre Municipalidad de San Rosendo - Salud,331
833,I MUNICIPALIDAD DE LOS ANGELES,983
834,GOBIERNO REGIONAL VII REGION,985
835,EJERCITO DE CHILE,987
836,GOBERNACION MARITIMA DE AYSEN,988
837,I MUNICIPALIDAD DE PAREDONES,154
838,INSTITUTO NACIONAL DE DERECHOS HUMANOS,990
839,I MUNICIPALIDAD DE SAN FERNANDO,992
840,ACADEMIA NACIONAL DE ESTUDIOS POLITICOS Y ESTRATEGICOS,993
841,Agencia Nacional de Investigación y Desarrollo (ANID),994
842,I MUNICIPALIDAD DE LLAY LLAY,996
843,GOBIERNO REGIONAL DE AYSEN,998
844,INSTITUTO PSIQUIATRICO DR JOSE HORWITZ BARAK,9
845,CORPORACION DE FOMENTO DE DESARROLLO COMUNAL Y PRODUCTIVO,999
846,Corporación Municipal de Deporte y Recreación de Zapallar,1000
847,CORP CULTURAL DE LA MUNICIPALIDAD DE CURICO,1001
848,I MUNICIPALIDAD DE HUALQUI,1002
849,CPEIP,1003
850,Tesoreria Provincial de Lebu,1004
851,I MUNICIPALIDAD DE EMPEDRADO,407
852,SERVICIO LOCAL DE EDUCACION LAS BARRANCAS,1005
853,SERV NAC SALUD HOSPITAL DE LOS ANDES,1007
854,I MUNICIPALIDAD SAN JOAQUIN,1010
855,DIRECCION GENERAL DEL TERRITORIO MARIT Y MM (AB),1015
856,MOP-BIENESTAR -RM,1017
857,OPV 84 CABO ODGER,1018
858,MINEDUC ADMINISTRACION VIII REGION,1022
859,I MUNICIPALIDAD LO BARNECHEA,1028
860,ESCUELA DE GRUMETES,1030
861,DELEGACIÓN PRESIDENCIAL REGIONAL DE LOS LAGOS,1031
862,CORPORACIÓN YUNUS,1032
863,SERVICIO DE SALUD ANTOFAGASTA HOSPITAL M,9
864,I MUNICIPALIDAD PAIHUANO,30
865,GOBIERNO REGIONAL DE ANTOFAGASTA,1035
866,SERVICIO DE SALUD HOSPITAL DE PEUMO,1036
867,I MUNICIPALIDAD DE CISNES,79
868,ADMINISTRACION ADUANA DE PUERTO AYSEN,1037
869,SUBSECRETARIA DE EVALUACION SOCIAL,1038
870,ESTADO MAYOR CONJUNTO,1039
871,SERVICIO DE SALUD CONCEPCION,1041
872,FUNDACION MUNICIPAL DE CULTURA DE ZAPALLAR,1042
873,GOBIERNO REGIONAL DE ÑUBLE,1045
874,CORPORACION MUNICIPAL DE DEPORTES Y RECREACION DE,1046
875,SERVICIO NACIONAL DE SALUD HOSPITAL DE COELEMU,9
876,I MUNICIPALIDAD DE PENCAHUE,41
877,HOSPITAL NAVAL ALMIRANTE NEF,1049
878,I MUNICIPALIDAD DE IQUIQUE,1050
879,SECCIÓN COMPRAS XII ZONA,1051
880,DELEGACIÓN PRESIDENCIAL PROVINCIAL DE CARDENAL CARO,1054
881,Hospital Santa Juana,1055
882,GOBERNACION MARITIMA DE TALCAHUANO,1060
883,I MUNICIPALIDAD DE PUMANQUE,685
884,I MUNICIPALIDAD DE RAUCO,30
885,DIRECCION REGIONAL DE ANTOFAGASTA,1062
886,FUERZA AEREA DE CHILE COMANDO LOGISTICO,1063
887,Academia Politécnica Naval,1065
888,I MUNICIPALIDAD DE LANCO,30
889,I MUNICIPALIDAD DE CHAITEN,1066
890,Subsecretaria de las Culturas y las Artes Región de Valparaiso,1068
891,UNIDAD DE ANALISIS FINANCIERO,1070
892,HOSPITAL DE PETORCA,1071
893,CENTRAL DE ATENCION PRIMARIA DE SALUD DE LA ARMADA,1072
894,SECRETARIA REGIONAL MINISTERIAL DE EDUCACION IV REGION,1073
895,Administracion Central,1075
896,I MUNICIPALIDAD DE BUIN,1077
897,DIRECTORIO DE TRANSPORTE DE SANTIAGO,1078
898,CENTRO DE SALUD FAMILIAR CESFAM LLAY LLAY,9
899,SERVICIO DE SALUD HOSPITAL DE GRANEROS,1081
900,"Zona Bienestar ""Valparaíso"" Bienestar Social",1082
901,Centro de Abastecimiento Aviación Naval,1084
902,SERVICIO DE BIENESTAR SERVICIO SALUD ACONCAGUA,1085
903,Economato C.C.P. Colina 1,1088
904,SERVICIO LOCAL DE EDUCACIÓN PÚBLICA PETORCA,98
905,CENTRO ONCOLOGICO DEL NORTE,9
906,SUBSECRETARIA PARA LAS FUERZAS ARMADAS,1097
907,Centro de Educación y Trabajo de Gendarmeria de Ch,1100
908,I MUNICIPALIDAD DE SAN ESTEBAN,28
909,Corporación Municipal De Cultura y Deportes de Recoleta,1103
910,SERVICIO LOCAL DE EDUCACIÓN PÚBLICA VALLE CACHAPOAL,98
911,SERVICIO DE SALUD HOSPITAL DE RENGO,1104
912,COMISION PARA EL MERCADO FINANCIERO,1105
913,Subsecretaria de las Culturas y las Artes Región de Magallanes y la Antartica,1106
914,SECCIÓN COMPRAS X ZONA,1107
915,Departamento Provincial de Educación Sur,1108
916,Corporación de Desarrollo Social de la Municipalidad de Independencia,1109
917,HOSPITAL VILCUN,1110
918,I MUNICIPALIDAD DE LA CISTERNA,175
919,I MUNICIPALIDAD DE FRUTILLAR,1112
920,HOSPITAL SAN AGUSTIN DE LA LIGUA,1113
921,SII Oficina de Bienestar,1114
922,DELEGACIÓN PRESIDENCIAL PROVINCIAL DE CAUQUENES,1118
923,SUPERINTENDENCIA DE ELECTRICIDAD Y COMBUSTIBLES,1120
924,SERVICIO DE SALUD BIO BIO HOSPITAL DE LAJA,9
925,MINISTERIO DE BIENES NACIONALES,1121
926,SERVICIO DE SALUD VALDIVIA HOSPITAL DE P,9
927,Departamento Provincial de Educación Cardenal Caro,1127
928,I MUNICIPALIDAD DE CHIMBARONGO,1128
929,SERVICIO DE SALUD OSORNO HOSPITAL PURRANQUE,9
930,MINISTERIO DE OBRAS PUBLICAS DIREC CION GRAL DE OO,1130
931,ILUSTRE MUNICIPALIDAD DE CERRO NAVIA,1133
932,SERVICIO DE REGISTRO CIVIL E IDENTIFICAC,1134
933,SERVICIO DE SALUD HOSPITAL DE PICHILEMU,1136
934,SUBSECRETARIA DE RELACIONES EXTERIORES,1140
935,CORP MUNICIPAL DE DESARROLLO SOCIAL DE SN JOAQUIN,1142
936,SERVICIO DE SALUD COQUIMBO HOSPITAL COMB,1143
937,CORPORACION MUNICIPAL DE FOMENTO AL DESARROLLO COMUNAL Y PRODUCTIVO DE,1146
938,JEFATURA DE BIENESTAR (I.P),1147
939,I MUNICIPALIDAD DE OLLAGUE,1149
940,SERVICIO DE SALUD VALDIVIA HOSPITAL DE C,9
941,TESORERIA GENERAL DE LA REPUBLICA,1150
942,Direc.Reg.Arica y Parinacota,1151
943,I MUNICIPALIDAD DE LUMACO,157
944,CORPORACION MUNICIPAL DE DEPORTES DE LA PINTANA,1153
945,HOSPITAL CLINICO DE LA FUERZA AEREA GRAL DR RAUL YAZIGI JAUREGUI,1156
946,SERVICIO DE VIVIENDA Y URBANIZACION AREA METROPOLITANA,1157
947,ILUSTRE MUNICIPALIDAD COCHAMO,1158
948,INSTITUTO GEOGRAFICO MILITAR,1159
949,1 Juzgado de Familia de San Miguel,1161
950,Corporación Municipal de Desarrollo Social Lampa,1162
951,I MUNICIPALIDAD DE PALMILLA,83
952,COMISION NACIONAL DE ACREDITACION,1163
953,Dirección de Educación Municipal,1165
954,I MUNICIPALIDAD DE SAN PEDRO,157
955,HOSPITAL NAVAL CIRUJANO GUZMAN DE MAGALL,1167
956,I MUNICIPALIDAD DE CHILE CHICO,79
957,SERVICIO DE SALUD METROPOLITANO NORTE HOSPITAL DE TIL TIL,1168
958,SERVICIO DE SALUD NUBLE HOSPITAL DE YUNG,144
959,GOBIERNO REGIONAL DECIMA REGION LOS LAGOS,1169
960,DIRECCIÓN REGIONAL ADUANA DE TALCAHUANO,1170
961,DEPARTAMENTO PROVINCIAL DE EDUCACION EL LOA,1172
962,CORP MUNICIP ANCUD PARA LA EDUCAC SALUD,1173
963,Salud,331
964,LSDH 91 SARGENTO ALDEA,1175
965,CENTRO DE ABASTECIMIENTO (I),1176
966,SERVICIO DE SALUD METROPOLITANO SUR ORIENTE,9
967,CENTRO DE FORMACION TECNICA ESTATAL DE LA REGION DE LOS RIOS,1179
968,CORPORACION DE DESARROLLO SOCIAL DE BUIN,41
969,SECCIÓN COMPRAS ZONA METROPOLITANA,1183
970,ILUSTRE MUNICIPALIDAD DE TORRES DEL PAIN,1184
971,Juzgado de Garantia de Temuco,1185
972,SERVICIO DE SALUD CONCEPCION ARAUCO CONS,9
973,SERVICIO DE SALUD DEL MAULE HOSPITAL DE TALCA,1061
974,SECRETARIA REGIONAL MINISTERIAL DE EDUCACION XI REGION,1187
975,Ilustre Municipalidad De Curanilahue - Educación,818
976,GOBIERNO REGIONAL DE ARICA-PARINACOTA,1193
977,DIRECCION DE RECUPERACION DE UNIDADES DE LA ARMADA,1194
978,SERVICIO DE SALUD HOSPITAL DE CHIMBARONGO,1200
979,SUBSECRETARIA DE DEFENSA,1201
980,I MUNICIPALIDAD DE COBQUECURA,41
981,Gendarmería de Chile Centro de Educación y Trabajo,1202
982,I MUNICIPALIDAD DE LA REINA,1204
983,Tesorería Provincial de San Fernando,1210
984,CONSEJO NACIONAL DE TELEVISION,1214
985,- - -,1219
986,SERVICIO SALUD TALCAHUANO HOSPITAL PENCO-LIRQUEN,144
987,SERVICIO DE SALUD DEL MAULE HOSPITAL DE LICANTEN,1220
988,INSTITUTO DE SEGURIDAD LABORAL,1221
989,Subsecretaria de Educación,1223
990,I MUNICIPALIDAD DE VICUNA,157
991,I MUNICIPALIDAD DE VICTORIA,28
992,DELEGACIÓN PRESIDENCIAL PROVINCIAL DE MALLECO,1229
993,Ilustre Municipalidad de Longaví Depto. de Salud,331
994,Carabineros de Chile - Hospital de Carabineros,1238
995,SERVICIO DE VIVIENDA Y URBANIZACION REGIÓN DEL BIO BIO,1239
996,FUND NACIONAL DE ORQUESTAS JUVENILES E INFANTILES DE CHILE,1241
997,Corporación Municipal de Deportes de Colina,1243
998,CORPORACION CULTURAL DE MOSTAZAL,1246
999,COMANDANCIA EN JEFE DE LA FUERZA DE SUBMARINOS,1247
1000,SERVICIO NACIONAL DE PREVENCIÓN Y RESPUESTA ANTE DESASTRES,1248
1001,DIRECCION GENERAL DE FINANZAS DE LA ARMADA,1249
1002,SECRETARIA REGIONAL MINISTERIAL DE EDUCACION VII REGION,1251
1003,Departamento Comunal de Salud,1252
1004,BASE DE SUBMARINOS,1253
1005,SERVICIO DE VIVIENDA Y URBANIZACION REGION ÑUBLE,1256
1006,HOSPITAL COMUNITARIO CRISTINA CALDERON DE PUERTO WILLIAMS,1258
1007,Educación Municipal,1260
1008,I MUNICIPALIDAD DE NACIMIENTO,157
1009,SERVICIO SALUD ARAUCANIA SUR HOSPIT DR EDUARDO GONZALEZ GALENO CUNCO,1263
1010,I MUNICIPALIDAD DE RANCAGUA,1269
1011,CORP MUNICIPAL DE PUNTA ARENAS PARA LA EDUCACION SALUD Y AT AL MENOR,1271
1012,HOSPITAL DE ALTO HOSPICIO,1272
1013,SERVICIO MEDICO LEGAL,1273
1014,I MUNICIPALIDAD DE CALBUCO,1274
1015,Ilustre Municipalidad de San Rosendo - Educación,58
1016,Juzgado de Letras del Trabajo de San Bernardo,1278
1017,Comando de Personal-CEAFOSS,1280
1018,SERVICIO DE SALUD DE TALCAHUANO HOSPITAL,9
1019,Universidad de Chile,1282
1020,SUBSECRETARIA DE REDES ASISTENCIALES,1283
1021,SERVICIO DE VIVIENDA Y URBANIZACION IV REGION,1286
1022,SERVICIO DE SALUD METROPOLITANO CENTRAL,9
1023,MUNICIPALIDAD DE LOS ANGELES AREA SALUD,1287
1024,"ESCUELA NAVAL ""ARTURO PRAT""",1288
1025,SERVICIO DE SALUD COQUIMBO,1292
1026,Defensoría del Contribuyente,1295
1027,GOBIERNO REGIONAL DE LOS RIOS,1297
1028,CENTRO DE REFERENCIA DE SALUD HOSPITAL PROVINCIA CORDILLERA,1298
1029,DIRECCION SERVICIO DE SALUD TALCAHUANO,1299
1030,SERVICIO DE SALUD DEL LIBERTADOR B O'HIGGINS HOSPITAL REG RANCAGUA,1300
1031,SERVICIO DE VIVIENDA Y URBANIZACION VII REGION,92
1032,Hospital de Villarrica,713
1033,SECCIÓN COMPRAS ZONA SEG PRIV CONTROL ARMAS Y EXPL,1308
1034,SERVICIO DE SALUD CONCEPCION ARAUCO HOSPITAL DE CONTULMO,1309
1035,SERVICIO LOCAL DE EDUCACIÓN PÚBLICA DE COSTA CENTRAL,98
1036,I MUNICIPALIDAD DE LA ESTRELLA,1312
1037,INSTITUTO NACIONAL DE REHABILITACION PEDRO AGUIRRE CERDA,1313
1038,SERVICIO LOCAL DE EDUCACION DE CHINCHORRO,1316
1039,CONSEJO PARA LA TRANSPARENCIA,1317
1040,Jefatura Adm. y Log. del Campo Militar Austral,1318
1041,DELEGACION DE BIENESTAR SOCIAL (S),1319
1042,CORP MUNICIPAL DE CONCHALI DE EDUCACION SALUD Y ATENCION DE MENORES,28
1043,DIRECCION NACIONAL DEL SERVICIO CIVIL,1321
1044,Escuadrilla de Abastecimiento del Edificio FF.AA.,1322
1045,I MUNICIPALIDAD DE ANDACOLLO,257
1046,I MUNICIPALIDAD DE TREHUACO DEPARTAMENTO,330
1047,DEPARTAMENTO SALUD MUNICIPALIDAD DE QUILLON,407
1048,SERVICIO DE SALUD ATACAMA,1326
1049,Ilustre Municipalidad de Nacimiento - Departamento de educación,18
1050,SECCIÓN COMPRAS VI ZONA,1329
1051,I MUNICIPALIDAD DE QUILLECO DEPARTAMENTO DE EDUCACION,1331
1052,SERVICIO DE VIVIENDA Y URBANIZACION DE V,1336
1053,DEPARTAMENTO PROVINCIAL DE CAUQUENES,1337
1054,Zona de Bienestar Antofagasta,1338
1055,Depto. Provincial Educación Llanquihue,1340
1056,HOSPITAL COMUNITARIO DE SALUD FAMILIAR DE BULNES,9
1057,I MUNICIPALIDAD DE NANCAGUA,1342
1058,Depto. Provincial Educación Valdivia,1344
1059,Ilustre Municipalidad de Quillon - Educación,295
1060,GOBERNACION MARITIMA DE ANTOFAGASTA,1346
1061,SERVICIO NAC DE SALUD HOSPITAL TRAUMATOLOGICO,1347
1062,Corporación Municipal de Deportes y Recreación Calama,1348
1063,Ilustre Municipalidad de Río Negro - Salud,157
1064,CORP MUNIC DE QUELLON PARA LA EDUC SALUD,1350
1065,COMANDANCIA EN JEFE DE LA PRIMERA ZONA NAVAL,1356
1066,Servicio de Biodiversidad y Áreas Protegidas,1358
1067,Secretaría Regional Ministerial de Educación de la Primera Región,1362
1068,SAMU,9
1069,ILUSTRE MUNICIPALIDAD DE MACUL,1365
1070,MUNICIPALIDAD DE ALTO HOSPICIO,569
1071,SERVICIO DE SALUD METROPOLITANO NORTE,9
1072,DEPARTAMENTO PROVINCIAL DE LINARES,1371
1073,Delegación Presidencial Regional Los Ríos,1375
1074,SERVICIO SALUD COQUIMBO HOSP DE SALAMANC,1376
1075,HOSPITAL SANTA ELISA DE SAN JOSE DE LA MARIQUINA,9
1076,I MUNICIPALIDAD DE RIO HURTADO,1377
1077,AGENCIA CHILENA DE COOPERACION INTERNACIONAL PARA EL DESARROLLO,1378
1078,SERVICIO NACIONAL DE PROTECCIÓN ESPECIALIZADA A LA,1379
1079,SERVICIO NACIONAL DE PESCA,1380
1080,I MUNICIPALIDAD DE CERRILLOS,1381
1081,PREDIOS FISCALES IIa. ZONA NAVAL,1384
1082,DEFENSORIA DE LOS DERECHOS DE LA NIÑEZ,1387
1083,I. Municipalidad de Talagante,1388
1084,CONSULTORIO GENERAL N°2 DE LOS ANDES,1391
1085,SERVICIO DE SALUD NUBLE HOSPITAL DE QUIRIHUE,144
1086,SERVICIO NACIONAL DE ADUANAS,1396
1087,COB - Almacén Militar del Ejército,1398
1088,SERVICIO NACIONAL DE SALUD HOSPITAL DE RIO NEGRO,9
1089,SERVICIO DE SALUD ATACAMA HOSPITAL FLORENCIO VARGAS DIAZ,1399
1090,COMANDANCIA EN JEFE DE LA IIIa ZONA NAVAL,1404
1091,SUBSECRETARIA DEL PATRIMONIO CULTURAL,1405
1092,COMANDANCIA EN JEFE DE LA IIa. ZONA NAVAL,1407
1093,HOSPITAL FUTA SRÜKA LAWENCHE KUNKO MAPU MO,9
1094,Ilustre Municipalidad de Antuco - Educación,387
1095,INSTITUTO NACIONAL DE DESARROLLO SUSTENTABLE DE LA,1409
1096,CENTRAL ODONTOLOGICA IIA. ZONA NAVAL,1412
1097,SERVICIO DE SALUD ARAUCANIA SUR HOSPITAL DE NUEVA IMPERIAL,1413
1098,SERVICIO DE SALUD MAGALLANES,1414
1099,SERVICIO DE SALUD ARAUCANIA HOSPITAL DE TRAIGUEN,1416
1100,Dirección Regional de Gendarmeria - Talca,1417
1101,DIRECCION COMUNAL DE SALUD- CORP MARIA PINTO,1419
1102,DELEGACIÓN PRESIDENCIAL PROVINCIAL DE CAPITÁN PRAT,1424
1103,DIRECCION DE ABASTECIMIENTO DE LA ARMADA,1425
1104,I MUNICIPALIDAD DE ISLA DE MAIPO,1426
1105,SERVICIO DE EVALUACION AMBIENTAL,1429
1106,SERVICIO DE SALUD ARAUCANIA SUR,1430
1107,INSTITUTO NACIONAL DE PROPIEDAD INDUSTRIAL,464
1108,Arsenal Naval Talcahuano,1431
